Rating,First Name,Last Name,Sex,Email,Phone,Date of birth,Job Title
4,Shelby,Terrell,Male,elijah57@example.net,001-084-906-7849x73518,1945-10-26,Games developer	
3,Phillip,Summers,Female,bethany14@example.com,214.112.6044x4913,1910-03-24,Phytotherapist	
4,Kristine,Travis,Male,bthompson@example.com,277.609.7938,1992-07-02,Homeopath	
1,Yesenia,Martinez,Male,kaitlinkaiser@example.com,584.094.6111,2017-08-03,Market researcher	
5,Lori,Todd,Male,buchananmanuel@example.net,689-207-3558x7233,1938-12-01,Veterinary surgeon	
5,Erin,Day,Male,tconner@example.org,001-171-649-9856x5553,2015-10-28,Waste management officer	
2,Katherine,Buck,Female,conniecowan@example.com,+1-773-151-6685x49162,1989-01-22,Intelligence analyst	
1,Ricardo,Hinton,Male,wyattbishop@example.com,001-447-699-7998x88612,1924-03-26,Hydrogeologist	
4,Dave,Farrell,Male,nmccann@example.net,603-428-2429x27392,2018-10-06,Lawyer	
3,Isaiah,Downs,Male,virginiaterrell@example.org,+1-511-372-1544x8206,1964-09-20,Engineer	
1,Sheila,Ross,Female,huangcathy@example.com,895.881.4746,2008-03-20,Advertising account executive	
2,Stacy,Newton,Male,rayleroy@example.org,710.673.3213x80335,1980-10-20,Warden/ranger	
4,Mandy,Blake,Male,jefferynoble@example.org,(992)466-1305x4947,2007-12-08,Scientist
3,Bridget,Nash,Female,mercedes44@example.com,(216)627-8359,2004-06-28,Social worker	
5,Crystal,Farmer,Male,pmiranda@example.org,+1-024-377-5391,1992-03-09,Agricultural consultant	
1,Thomas,Knight,Female,braunpriscilla@example.net,+1-360-880-0766,2006-02-18,Sport and exercise psychologist	
2,Maurice,Rangel,Male,sheenabanks@example.com,(246)187-4969,2004-08-20,Secretary/administrator	
5,Frank,Meadows,Male,gbrewer@example.org,429.965.3902x4447,2008-09-16,Audiological scientist	
3,Alvin,Paul,Male,gilbertdonaldson@example.com,219.436.0887x07551,1949-05-12,Teacher
2,Jared,Mitchell,Female,jcortez@example.com,+1-958-849-6781,1921-01-18,Paediatric nurse	
